domain,url
allbirds.com,https://www.allbirds.com
gymshark.com,https://www.gymshark.com
chubbiesshorts.com,https://www.chubbiesshorts.com
morphe.com,https://www.morphe.com
kith.com,https://kith.com
brooklinen.com,https://www.brooklinen.com
alohas.io,https://alohas.io
triangl.com,https://triangl.com
fleshlight.com,https://www.fleshlight.com
huel.com,https://huel.com
colourpop.com,https://colourpop.com
kyliecosmetics.com,https://kyliecosmetics.com
puravidabracelets.com,https://www.puravidabracelets.com
mvmt.com,https://www.mvmt.com
ridgewallet.com,https://www.ridgewallet.com
stevemadden.com,https://www.stevemadden.com
rebeccaminkoff.com,https://www.rebeccaminkoff.com
quadlockcase.com,https://www.quadlockcase.com
fashionnova.com,https://www.fashionnova.com
knix.com,https://knix.com
thirdlove.com,https://www.thirdlove.com
bombas.com,https://bombas.com
outdoorvoices.com,https://www.outdoorvoices.com
untuckit.com,https://www.untuckit.com
rothys.com,https://rothys.com
greats.com,https://www.greats.com
nisolo.com,https://nisolo.com
helmboots.com,https://helmboots.com
taylorstitch.com,https://www.taylorstitch.com
ministryofsupply.com,https://www.ministryofsupply.com
woolandprince.com,https://woolandprince.com
westernrise.com,https://westernrise.com
bluffworks.com,https://bluffworks.com
aviatornation.com,https://www.aviatornation.com
aloyoga.com,https://www.aloyoga.com
girlfriend.com,https://girlfriend.com
organicbasics.com,https://organicbasics.com
tentree.com,https://www.tentree.com
unitedbyblue.com,https://unitedbyblue.com
cotopaxi.com,https://www.cotopaxi.com
peakdesign.com,https://www.peakdesign.com
nomatic.com,https://www.nomatic.com
bellroy.com,https://bellroy.com
sandqvist.com,https://www.sandqvist.com
chromeindustries.com,https://www.chromeindustries.com
missionworkshop.com,https://missionworkshop.com
homeofmillican.com,https://www.homeofmillican.com
deathwishcoffee.com,https://www.deathwishcoffee.com
bulletproof.com,https://www.bulletproof.com
kettleandfire.com,https://kettleandfire.com
foursigmatic.com,https://foursigmatic.com
perfectketo.com,https://perfectketo.com
